prompt_tokens,completion_tokens,input_cost,output_cost,total_cost
45808.0,9914.0,1.3742400000000012,0.5948399999999999,1.9690799999999993
