prompt_tokens,completion_tokens,input_cost,output_cost,total_cost
187900.0,49806.0,5.637000000000001,2.988359999999999,8.625360000000004
