prompt_tokens,completion_tokens,input_cost,output_cost,total_cost
77600.0,38429.0,0.7759999999999991,1.1528700000000003,1.9288699999999999
