prompt_tokens,completion_tokens,input_cost,output_cost,total_cost
344300.0,24512.0,10.328999999999997,1.4707200000000002,11.799719999999999
