prompt_tokens,completion_tokens,input_cost,output_cost,total_cost
160800.0,62767.0,1.6080000000000028,1.8830100000000007,3.4910100000000006
