prompt_tokens,completion_tokens,input_cost,output_cost,total_cost
30800.0,24840.0,0.9240000000000018,1.4903999999999995,2.414399999999999
