prompt_tokens,completion_tokens,input_cost,output_cost,total_cost
54389.0,40398.0,1.63167,2.4238800000000005,4.055550000000001
