prompt_tokens,completion_tokens,input_cost,output_cost,total_cost
44911.0,10439.0,1.3473300000000001,0.6263400000000002,1.9736699999999998
