prompt_tokens,completion_tokens,input_cost,output_cost,total_cost
140000.0,25439.0,4.199999999999991,1.5263399999999998,5.726339999999998
