prompt_tokens,completion_tokens,input_cost,output_cost,total_cost
44700.0,1000.0,0.4469999999999989,0.030000000000000075,0.4769999999999997
