prompt_tokens,completion_tokens,input_cost,output_cost,total_cost
113700.0,78082.0,3.4110000000000054,4.684920000000002,8.095920000000003
