prompt_tokens,completion_tokens,input_cost,output_cost,total_cost
181100.0,28501.0,5.433000000000013,1.7100600000000004,7.14306
