prompt_tokens,completion_tokens,input_cost,output_cost,total_cost
29100.0,600.0,0.2910000000000001,0.01799999999999997,0.30899999999999994
