prompt_tokens,completion_tokens,input_cost,output_cost,total_cost
154200.0,36750.0,4.626000000000009,2.205000000000001,6.8309999999999995
