prompt_tokens,completion_tokens,input_cost,output_cost,total_cost
91800.0,54143.0,0.9179999999999989,1.6242900000000002,2.542289999999999
