prompt_tokens,completion_tokens,input_cost,output_cost,total_cost
91800.0,54287.0,0.9179999999999989,1.62861,2.5466099999999994
