prompt_tokens,completion_tokens,input_cost,output_cost,total_cost
56400.0,1300.0,1.692000000000003,0.07800000000000015,1.7700000000000033
