prompt_tokens,completion_tokens,input_cost,output_cost,total_cost
114800.0,59144.0,1.148000000000001,1.77432,2.922319999999998
