prompt_tokens,completion_tokens,input_cost,output_cost,total_cost
310300.0,98329.0,3.1029999999999927,2.94987,6.052870000000001
