prompt_tokens,completion_tokens,input_cost,output_cost,total_cost
195300.0,82113.0,1.9530000000000034,2.4633899999999986,4.416390000000002
