prompt_tokens,completion_tokens,input_cost,output_cost,total_cost
93200.0,28314.0,2.796000000000005,1.6988400000000003,4.494839999999998
