prompt_tokens,completion_tokens,input_cost,output_cost,total_cost
100600.0,41707.0,1.0059999999999985,1.2512100000000002,2.25721
