prompt_tokens,completion_tokens,input_cost,output_cost,total_cost
44982.0,27952.0,0.44982000000000005,0.83856,1.2883799999999996
