prompt_tokens,completion_tokens,input_cost,output_cost,total_cost
58700.0,22947.0,1.7609999999999966,1.3768200000000002,3.137820000000001
