prompt_tokens,completion_tokens,input_cost,output_cost,total_cost
181100.0,26262.0,5.433000000000013,1.5757200000000002,7.008719999999999
