prompt_tokens,completion_tokens,input_cost,output_cost,total_cost
99500.0,24451.0,2.9850000000000034,1.4670600000000011,4.4520599999999995
