prompt_tokens,completion_tokens,input_cost,output_cost,total_cost
77600.0,2040.0,0.07759999999999992,0.004080000000000007,0.08167999999999999
