prompt_tokens,completion_tokens,input_cost,output_cost,total_cost
77600.0,25288.0,2.3280000000000007,1.5172799999999995,3.84528
