prompt_tokens,completion_tokens,input_cost,output_cost,total_cost
139200.0,25177.0,4.176000000000001,1.5106199999999996,5.686620000000004
