prompt_tokens,completion_tokens,input_cost,output_cost,total_cost
91800.0,53564.0,0.9179999999999989,1.6069200000000001,2.52492
