prompt_tokens,completion_tokens,input_cost,output_cost,total_cost
153400.0,47891.0,4.602000000000002,2.8734599999999992,7.475459999999999
