prompt_tokens,completion_tokens,input_cost,output_cost,total_cost
146600.0,23209.0,4.397999999999998,1.3925400000000006,5.790540000000001
