prompt_tokens,completion_tokens,input_cost,output_cost,total_cost
99500.0,26037.0,2.9850000000000034,1.5622200000000002,4.547219999999999
