prompt_tokens,completion_tokens,input_cost,output_cost,total_cost
195300.0,88949.0,5.858999999999994,5.336939999999999,11.19594
