prompt_tokens,completion_tokens,input_cost,output_cost,total_cost
71500.0,19899.0,2.1449999999999996,1.19394,3.3389400000000005
