prompt_tokens,completion_tokens,input_cost,output_cost,total_cost
146600.0,46448.0,1.465999999999997,1.3934400000000002,2.8594400000000006
