prompt_tokens,completion_tokens,input_cost,output_cost,total_cost
153400.0,48456.0,4.602000000000002,2.9073600000000006,7.509359999999998
