prompt_tokens,completion_tokens,input_cost,output_cost,total_cost
154500.0,87471.0,4.634999999999998,5.248260000000003,9.883260000000002
