prompt_tokens,completion_tokens,input_cost,output_cost,total_cost
358500.0,93357.0,10.754999999999987,5.601419999999999,16.356419999999993
