prompt_tokens,completion_tokens,input_cost,output_cost,total_cost
100600.0,27440.0,3.018000000000006,1.6464000000000005,4.664399999999998
