prompt_tokens,completion_tokens,input_cost,output_cost,total_cost
195300.0,89550.0,5.858999999999994,5.372999999999999,11.232000000000001
