prompt_tokens,completion_tokens,input_cost,output_cost,total_cost
195300.0,81773.0,1.9530000000000034,2.453190000000001,4.4061900000000005
