prompt_tokens,completion_tokens,input_cost,output_cost,total_cost
146600.0,46902.0,1.465999999999997,1.4070599999999998,2.87306
