prompt_tokens,completion_tokens,input_cost,output_cost,total_cost
114800.0,42759.0,3.444000000000002,2.5655400000000004,6.009539999999999
