prompt_tokens,completion_tokens,input_cost,output_cost,total_cost
100600.0,41524.0,1.0059999999999985,1.24572,2.2517199999999993
