prompt_tokens,completion_tokens,input_cost,output_cost,total_cost
185000.0,11790.0,5.550000000000007,0.7073999999999999,6.257400000000001
