prompt_tokens,completion_tokens,input_cost,output_cost,total_cost
71500.0,21091.0,2.1449999999999996,1.26546,3.410459999999999
