prompt_tokens,completion_tokens,input_cost,output_cost,total_cost
173700.0,22275.0,5.210999999999995,1.3365000000000005,6.547500000000001
