prompt_tokens,completion_tokens,input_cost,output_cost,total_cost
107400.0,37880.0,3.222000000000003,2.2727999999999997,5.494799999999997
