prompt_tokens,completion_tokens,input_cost,output_cost,total_cost
77600.0,39278.0,0.7759999999999991,1.1783399999999995,1.9543399999999997
