prompt_tokens,completion_tokens,input_cost,output_cost,total_cost
186500.0,83459.0,5.595000000000009,5.00754,10.602539999999994
