prompt_tokens,completion_tokens,input_cost,output_cost,total_cost
76300.0,700.0,2.289000000000001,0.04199999999999993,2.3309999999999977
