prompt_tokens,completion_tokens,input_cost,output_cost,total_cost
60600.0,34018.0,1.8180000000000027,2.0410799999999996,3.85908
