prompt_tokens,completion_tokens,input_cost,output_cost,total_cost
62000.0,27206.0,1.8599999999999965,1.6323599999999994,3.4923599999999992
