prompt_tokens,completion_tokens,input_cost,output_cost,total_cost
45804.0,27495.0,0.45804000000000006,0.8248500000000004,1.2828899999999996
