prompt_tokens,completion_tokens,input_cost,output_cost,total_cost
77600.0,25349.0,2.3280000000000007,1.5209400000000006,3.8489399999999994
