prompt_tokens,completion_tokens,input_cost,output_cost,total_cost
54681.0,58755.0,0.5468100000000001,1.762649999999999,2.3094600000000014
