prompt_tokens,completion_tokens,input_cost,output_cost,total_cost
107400.0,38914.0,3.222000000000003,2.334839999999999,5.55684
