prompt_tokens,completion_tokens,input_cost,output_cost,total_cost
51673.0,10952.0,1.5501900000000006,0.6571199999999998,2.207310000000001
