prompt_tokens,completion_tokens,input_cost,output_cost,total_cost
85700.0,32392.0,2.5709999999999993,1.9435200000000008,4.51452
