prompt_tokens,completion_tokens,input_cost,output_cost,total_cost
90500.0,1649.0,2.7149999999999945,0.09894000000000007,2.8139399999999988
