prompt_tokens,completion_tokens,input_cost,output_cost,total_cost
56400.0,1300.0,0.5639999999999991,0.039000000000000076,0.602999999999999
