prompt_tokens,completion_tokens,input_cost,output_cost,total_cost
160800.0,68650.0,1.6080000000000028,2.0594999999999994,3.6675000000000004
