prompt_tokens,completion_tokens,input_cost,output_cost,total_cost
172300.0,23821.0,5.168999999999988,1.4292600000000002,6.598259999999997
