prompt_tokens,completion_tokens,input_cost,output_cost,total_cost
91800.0,15228.0,0.09180000000000012,0.030456000000000007,0.12225599999999998
