prompt_tokens,completion_tokens,input_cost,output_cost,total_cost
84400.0,30370.0,2.531999999999996,1.8222000000000005,4.3542
