prompt_tokens,completion_tokens,input_cost,output_cost,total_cost
85700.0,33703.0,2.5709999999999993,2.02218,4.593179999999999
