prompt_tokens,completion_tokens,input_cost,output_cost,total_cost
160800.0,59208.0,4.823999999999992,3.552479999999999,8.37648
