prompt_tokens,completion_tokens,input_cost,output_cost,total_cost
93200.0,30035.0,2.796000000000005,1.8021000000000003,4.598099999999999
