prompt_tokens,completion_tokens,input_cost,output_cost,total_cost
54062.0,55999.0,0.5406200000000001,1.6799699999999997,2.220589999999999
