prompt_tokens,completion_tokens,input_cost,output_cost,total_cost
160800.0,61083.0,4.823999999999992,3.6649799999999995,8.488979999999994
