prompt_tokens,completion_tokens,input_cost,output_cost,total_cost
146600.0,23176.0,4.397999999999998,1.3905599999999994,5.788560000000001
