prompt_tokens,completion_tokens,input_cost,output_cost,total_cost
76200.0,38225.0,2.2860000000000054,2.2935,4.579500000000001
