prompt_tokens,completion_tokens,input_cost,output_cost,total_cost
187900.0,39237.0,5.637000000000001,2.354219999999999,7.9912199999999975
