prompt_tokens,completion_tokens,input_cost,output_cost,total_cost
54881.0,38757.0,1.6464299999999996,2.3254199999999994,3.97185
