prompt_tokens,completion_tokens,input_cost,output_cost,total_cost
60937.0,47313.0,1.8281099999999997,2.8387800000000016,4.66689
