prompt_tokens,completion_tokens,input_cost,output_cost,total_cost
100600.0,42097.0,1.0059999999999985,1.26291,2.268910000000001
