prompt_tokens,completion_tokens,input_cost,output_cost,total_cost
21300.0,400.0,0.21299999999999952,0.012000000000000018,0.22500000000000014
