prompt_tokens,completion_tokens,input_cost,output_cost,total_cost
91800.0,53394.0,0.9179999999999989,1.6018199999999996,2.5198199999999997
