prompt_tokens,completion_tokens,input_cost,output_cost,total_cost
181100.0,47353.0,1.8110000000000024,1.4205899999999991,3.231589999999999
