prompt_tokens,completion_tokens,input_cost,output_cost,total_cost
194000.0,1391.0,5.820000000000002,0.0834600000000002,5.903459999999997
