prompt_tokens,completion_tokens,input_cost,output_cost,total_cost
146600.0,45243.0,1.465999999999997,1.3572899999999992,2.823289999999998
