prompt_tokens,completion_tokens,input_cost,output_cost,total_cost
160800.0,63518.0,1.6080000000000028,1.9055399999999998,3.513539999999999
