prompt_tokens,completion_tokens,input_cost,output_cost,total_cost
181100.0,6568.0,0.18109999999999998,0.013136000000000007,0.19423599999999985
