prompt_tokens,completion_tokens,input_cost,output_cost,total_cost
90500.0,1916.0,2.7149999999999945,0.11496000000000003,2.82996
