prompt_tokens,completion_tokens,input_cost,output_cost,total_cost
114800.0,42672.0,3.444000000000002,2.5603199999999995,6.00432
