prompt_tokens,completion_tokens,input_cost,output_cost,total_cost
91800.0,15017.0,0.09180000000000012,0.030034000000000016,0.12183399999999993
