prompt_tokens,completion_tokens,input_cost,output_cost,total_cost
195300.0,81930.0,1.9530000000000034,2.457899999999999,4.410900000000002
