prompt_tokens,completion_tokens,input_cost,output_cost,total_cost
358500.0,93160.0,10.754999999999987,5.589600000000003,16.344599999999996
