prompt_tokens,completion_tokens,input_cost,output_cost,total_cost
181100.0,46353.0,1.8110000000000024,1.3905900000000002,3.201589999999999
