prompt_tokens,completion_tokens,input_cost,output_cost,total_cost
77600.0,39052.0,0.7759999999999991,1.1715600000000013,1.94756
