prompt_tokens,completion_tokens,input_cost,output_cost,total_cost
45000.0,31472.0,1.3500000000000005,1.8883200000000002,3.2383199999999985
