prompt_tokens,completion_tokens,input_cost,output_cost,total_cost
181100.0,6371.0,0.18109999999999998,0.012742000000000005,0.19384199999999988
