prompt_tokens,completion_tokens,input_cost,output_cost,total_cost
113700.0,79087.0,3.4110000000000054,4.745219999999997,8.156219999999998
