prompt_tokens,completion_tokens,input_cost,output_cost,total_cost
173700.0,25470.0,5.210999999999995,1.5282000000000004,6.739200000000002
