prompt_tokens,completion_tokens,input_cost,output_cost,total_cost
139200.0,28196.0,4.176000000000001,1.69176,5.867760000000001
