prompt_tokens,completion_tokens,input_cost,output_cost,total_cost
70200.0,21690.0,2.1060000000000025,1.3014000000000003,3.4074
