prompt_tokens,completion_tokens,input_cost,output_cost,total_cost
186500.0,85643.0,5.595000000000009,5.13858,10.733579999999996
