prompt_tokens,completion_tokens,input_cost,output_cost,total_cost
44700.0,1000.0,1.3409999999999989,0.06000000000000015,1.4010000000000014
