prompt_tokens,completion_tokens,input_cost,output_cost,total_cost
29100.0,600.0,0.8730000000000009,0.03599999999999994,0.9090000000000014
