prompt_tokens,completion_tokens,input_cost,output_cost,total_cost
185000.0,11608.0,5.550000000000007,0.6964799999999999,6.246479999999999
