prompt_tokens,completion_tokens,input_cost,output_cost,total_cost
114800.0,55444.0,1.148000000000001,1.6633200000000004,2.8113199999999985
