prompt_tokens,completion_tokens,input_cost,output_cost,total_cost
140300.0,26883.0,4.208999999999997,1.61298,5.821979999999996
