prompt_tokens,completion_tokens,input_cost,output_cost,total_cost
146600.0,44799.0,1.465999999999997,1.3439699999999997,2.80997
