prompt_tokens,completion_tokens,input_cost,output_cost,total_cost
296100.0,49342.0,2.960999999999995,1.4802600000000008,4.441259999999998
