prompt_tokens,completion_tokens,input_cost,output_cost,total_cost
172300.0,22746.0,5.168999999999988,1.364759999999999,6.533760000000003
