prompt_tokens,completion_tokens,input_cost,output_cost,total_cost
70200.0,22727.0,2.1060000000000025,1.36362,3.469619999999999
