prompt_tokens,completion_tokens,input_cost,output_cost,total_cost
91800.0,52874.0,0.9179999999999989,1.58622,2.5042200000000006
