prompt_tokens,completion_tokens,input_cost,output_cost,total_cost
21300.0,400.0,0.6390000000000006,0.024000000000000035,0.6630000000000015
