prompt_tokens,completion_tokens,input_cost,output_cost,total_cost
154500.0,84262.0,4.634999999999998,5.05572,9.690719999999997
