prompt_tokens,completion_tokens,input_cost,output_cost,total_cost
194000.0,1419.0,5.820000000000002,0.08514000000000022,5.905139999999997
