prompt_tokens,completion_tokens,input_cost,output_cost,total_cost
29100.0,636.0,0.2910000000000001,0.019079999999999972,0.31007999999999997
