prompt_tokens,completion_tokens,input_cost,output_cost,total_cost
46400.0,25885.0,1.3919999999999992,1.5531000000000001,2.945099999999999
