prompt_tokens,completion_tokens,input_cost,output_cost,total_cost
179800.0,900.0,5.393999999999994,0.05399999999999992,5.447999999999992
