prompt_tokens,completion_tokens,input_cost,output_cost,total_cost
51706.0,27254.0,0.5170599999999999,0.8176199999999998,1.3346799999999996
