prompt_tokens,completion_tokens,input_cost,output_cost,total_cost
195300.0,25699.0,0.1953000000000003,0.05139800000000001,0.246698
