prompt_tokens,completion_tokens,input_cost,output_cost,total_cost
195300.0,25399.0,0.1953000000000003,0.05079799999999999,0.24609799999999993
