prompt_tokens,completion_tokens,input_cost,output_cost,total_cost
114800.0,54612.0,1.148000000000001,1.6383600000000003,2.7863599999999993
