prompt_tokens,completion_tokens,input_cost,output_cost,total_cost
140300.0,25855.0,4.208999999999997,1.5512999999999992,5.7603
