prompt_tokens,completion_tokens,input_cost,output_cost,total_cost
58700.0,23542.0,1.7609999999999966,1.4125200000000002,3.1735200000000017
