prompt_tokens,completion_tokens,input_cost,output_cost,total_cost
100600.0,27453.0,3.018000000000006,1.6471799999999992,4.665179999999999
