prompt_tokens,completion_tokens,input_cost,output_cost,total_cost
77600.0,2184.0,0.07759999999999992,0.004368000000000004,0.08196799999999996
