prompt_tokens,completion_tokens,input_cost,output_cost,total_cost
344300.0,24043.0,10.328999999999997,1.4425799999999995,11.771579999999998
