prompt_tokens,completion_tokens,input_cost,output_cost,total_cost
84400.0,30828.0,2.531999999999996,1.8496800000000002,4.381679999999999
